Workbook

Sheet Data
A1: SensoriID | B1: Sensorityyppi | C1: deployment group | D1: Valmistaja | E1: Malli | F1: Sensorintila | G1: battery level | H1: last_communication_time | I1: Asennuspäivä | J1: Koordinaatti | K1: Tarkkuusluokka | L1: assets using this sensor | M1: Nimi | N1: Rakennus | O1: Tila | P1: Tilatyyppi | Q1: Kerros | R1: Maanpäällinen/Kellari | S1: Vyöhyke | T1: Pinta-ala | U1: Kapasiteetti | V1: Käyttötarkoitus | W1: Aukiopoajat | X1: koordinaatit
A2: TSPR04TC121008531 | B2: occupancy | C2: prcv00wp50lt0valmetlempaala | D2: Haltian | E2: =_xlfn.XLOOKUP(B2,Laitetyypit!A:A,Laitetyypit!B:B,"ei") -> Thingsee PRESENCE | F2: aktiivinen | G2: 0.89 | H2: 46164.556 | L2: 112072938 | M2: Kelo | N2: Valmet Lentokentänkatu | O2: Mod30 | P2: Neuvottelu | Q2: 1 | R2: Maanpäällinen | S2: Mod30
A3: TSPR04TC121009080 | B3: occupancy | C3: prcv00wp50lt0valmetlempaala | D3: Haltian | E3: =_xlfn.XLOOKUP(B3,Laitetyypit!A:A,Laitetyypit!B:B,"ei") -> Thingsee PRESENCE | F3: aktiivinen | G3: 0.89 | H3: 46164.544 | L3: 112072939 | M3: Kaarna | N3: Valmet Lentokentänkatu | O3: Mod30 | P3: Neuvottelu | Q3: 1 | R3: Maanpäällinen | S3: Mod30
A4: TSPR04TC121008495 | B4: occupancy | C4: prcv00wp50lt0valmetlempaala | D4: Haltian | E4: =_xlfn.XLOOKUP(B4,Laitetyypit!A:A,Laitetyypit!B:B,"ei") -> Thingsee PRESENCE | F4: aktiivinen | G4: 0.87 | H4: 46164.55 | L4: 112072940 | M4: Hilla | N4: Valmet Lentokentänkatu | O4: Mod30 | P4: Neuvottelu | Q4: 1 | R4: Maanpäällinen | S4: Mod30
A5: TSPR04TC121008262 | B5: occupancy | C5: prcv00wp50lt0valmetlempaala | D5: Haltian | E5: =_xlfn.XLOOKUP(B5,Laitetyypit!A:A,Laitetyypit!B:B,"ei") -> Thingsee PRESENCE | F5: aktiivinen | G5: 0.88 | H5: 46164.555 | L5: 112072941 | M5: Tyrni | N5: Valmet Lentokentänkatu | O5: Mod30 | P5: Neuvottelu | Q5: 1 | R5: Maanpäällinen | S5: Mod30
A6: TSPR04TC121008423 | B6: occupancy | C6: prcv00wp50lt0valmetlempaala | D6: Haltian | E6: =_xlfn.XLOOKUP(B6,Laitetyypit!A:A,Laitetyypit!B:B,"ei") -> Thingsee PRESENCE | F6: aktiivinen | G6: 0.87 | H6: 46164.556 | L6: 112072943 | M6: Neva | N6: Valmet Lentokentänkatu | O6: Mod30 | P6: Neuvottelu | Q6: 1 | R6: Maanpäällinen | S6: Mod30
A7: TSPR04TC121009059 | B7: occupancy | C7: prcv00wp50lt0valmetlempaala | D7: Haltian | E7: =_xlfn.XLOOKUP(B7,Laitetyypit!A:A,Laitetyypit!B:B,"ei") -> Thingsee PRESENCE | F7: aktiivinen | G7: 0.86 | H7: 46164.556 | L7: 112072944 | M7: Letto | N7: Valmet Lentokentänkatu | O7: Mod30 | P7: Neuvottelu | Q7: 1 | R7: Maanpäällinen | S7: Mod30
A8: TSPR04TC121009091 | B8: occupancy | C8: prcv00wp50lt0valmetlempaala | D8: Haltian | E8: =_xlfn.XLOOKUP(B8,Laitetyypit!A:A,Laitetyypit!B:B,"ei") -> Thingsee PRESENCE | F8: aktiivinen | G8: 0.83 | H8: 46164.554 | L8: 112072945 | M8: Räme | N8: Valmet Lentokentänkatu | O8: Mod30 | P8: Neuvottelu | Q8: 1 | R8: Maanpäällinen | S8: Mod30
A9: TSPR04TC121008351 | B9: occupancy | C9: prcv00wp50lt0valmetlempaala | D9: Haltian | E9: =_xlfn.XLOOKUP(B9,Laitetyypit!A:A,Laitetyypit!B:B,"ei") -> Thingsee PRESENCE | F9: aktiivinen | G9: 0.9 | H9: 46164.55 | L9: 112072989 | M9: Puolukka | N9: Valmet Lentokentänkatu | O9: Mod30 | P9: Neuvottelu | Q9: 1 | R9: Maanpäällinen | S9: Mod30
A10: TSPR04TC121008553 | B10: occupancy | C10: prcv00wp50lt0valmetlempaala | D10: Haltian | E10: =_xlfn.XLOOKUP(B10,Laitetyypit!A:A,Laitetyypit!B:B,"ei") -> Thingsee PRESENCE | F10: aktiivinen | G10: 0.85 | H10: 46164.556 | L10: 112072990 | M10: Mustikka | N10: Valmet Lentokentänkatu | O10: Mod30 | P10: Neuvottelu | Q10: 1 | R10: Maanpäällinen | S10: Mod30
A11: TSPR04TC121008491 | B11: occupancy | C11: prcv00wp50lt0valmetlempaala | D11: Haltian | E11: =_xlfn.XLOOKUP(B11,Laitetyypit!A:A,Laitetyypit!B:B,"ei") -> Thingsee PRESENCE | F11: aktiivinen | G11: 0.89 | H11: 46164.551 | L11: 112072991 | M11: Sammal | N11: Valmet Lentokentänkatu | O11: Mod30 | P11: Neuvottelu | Q11: 1 | R11: Maanpäällinen | S11: Mod30
A12: TSPR04TC121008303 | B12: occupancy | C12: prcv00wp50lt0valmetlempaala | D12: Haltian | E12: =_xlfn.XLOOKUP(B12,Laitetyypit!A:A,Laitetyypit!B:B,"ei") -> Thingsee PRESENCE | F12: aktiivinen | G12: 0.89 | H12: 46164.551 | L12: 112072992 | M12: Varpu | N12: Valmet Lentokentänkatu | O12: Mod30 | P12: Neuvottelu | Q12: 1 | R12: Maanpäällinen | S12: Mod30
A13: TSPR04TC121008191 | B13: occupancy | C13: prcv00wp50lt0valmetlempaala | D13: Haltian | E13: =_xlfn.XLOOKUP(B13,Laitetyypit!A:A,Laitetyypit!B:B,"ei") -> Thingsee PRESENCE | F13: aktiivinen | G13: 0.88 | H13: 46164.539 | L13: 112072993 | M13: Jäkälä | N13: Valmet Lentokentänkatu | O13: Mod30 | P13: Neuvottelu | Q13: 1 | R13: Maanpäällinen | S13: Mod30
... A386: TSTF04EWL13200264 | B386: distance | C386: prcv00wp50lt0valmetlempaala | D386: Haltian | E386: =_xlfn.XLOOKUP(B386,Laitetyypit!A:A,Laitetyypit!B:B,"ei") -> Thingsee BEAM | F386: aktiivinen | G386: 0.92 | H386: 46164.516 | L386: 112381322 | M386: M100 Toilet women hand paper 1/2 | N386: Valmet Lentokentänkatu | O386: Mod100 | P386: Annostelija | Q386: 2 | R386: Maanpäällinen | S386: Mod100
A387: TSGW01EWJ10400062 | B387: gateway | C387: prcv00wp50lt0valmetlempaala | D387: Haltian | E387: =_xlfn.XLOOKUP(B387,Laitetyypit!A:A,Laitetyypit!B:B,"ei") -> Thingsee GATEWAY | F387: aktiivinen | H387: 46165.516 | M387: Gateway 1 | N387: Valmet Lentokentänkatu | P387: Gateway | R387: Maanpäällinen
A388: TSGW01EWJ10400034 | B388: gateway | C388: prcv00wp50lt0valmetlempaala | D388: Haltian | E388: =_xlfn.XLOOKUP(B388,Laitetyypit!A:A,Laitetyypit!B:B,"ei") -> Thingsee GATEWAY | F388: aktiivinen | H388: 46166.516 | M388: Gateway 2 | N388: Valmet Lentokentänkatu | P388: Gateway | R388: Maanpäällinen
A389: TSGW01EWJ10400043 | B389: gateway | C389: prcv00wp50lt0valmetlempaala | D389: Haltian | E389: =_xlfn.XLOOKUP(B389,Laitetyypit!A:A,Laitetyypit!B:B,"ei") -> Thingsee GATEWAY | F389: aktiivinen | H389: 46167.516 | M389: Gateway 3 | N389: Valmet Lentokentänkatu | P389: Gateway | R389: Maanpäällinen
A390: TSGW01EWJ10400063 | B390: gateway | C390: prcv00wp50lt0valmetlempaala | D390: Haltian | E390: =_xlfn.XLOOKUP(B390,Laitetyypit!A:A,Laitetyypit!B:B,"ei") -> Thingsee GATEWAY | F390: aktiivinen | H390: 46168.516 | M390: Gateway 4 | N390: Valmet Lentokentänkatu | P390: Gateway | R390: Maanpäällinen

Sheet Laitetyypit
A1: occupancy | B1: Thingsee PRESENCE
A2: counter | B2: Thingsee PRESENCE
A3: distance | B3: Thingsee BEAM
A4: gateway | B4: Thingsee GATEWAY
